{
  "artistPhoto": "/images/uploads/gene-pratt.jpg",
  "about": "For more than two decades, I’ve been capturing the essence of the Australian bush and our cultural icons. My passion lies in celebrating the rugged beauty of our landscape and the legendary figures who shaped our nation’s character. From the iconic Ned Kelly to the vast expanses of the outback, each piece tells a story of our rich Australian heritage.",
  "phone": "+61 413 863 485",
  "heroHeadline": "Authentic Australian Bush Art",
  "artistName": "Gene Pratt",
  "heroSubtext": "Handcrafted artwork celebrating the spirit of the Australian bush, our colourful characters and unique cultural heritage.",
  "location": "Earlville, Queensland, Australia",
  "title": "Cor-Art",
  "holidayMode": {
    "enabled": false,
    "returnDate": "11-11-2025",
    "message": "G'day! I'm currently away on leave. The gallery is still here for you to browse, but I'm not taking new orders at the moment."
  },
  "email": "gene.pratt@hotmail.com"
}
