{
  "contact": {
    "title": "Get In Touch",
    "commissionHeading": "Commission Work",
    "commissionText": "Custom pieces available! I love creating personalized artwork that captures your vision of Australian heritage. Contact me to discuss your ideas.",
    "shippingHeading": "Delivery & Shipping",
    "shippingText": "Local delivery available. Interstate shipping can be arranged for all artwork. Contact me for a quote."
  },
  "gallery": {
    "title": "Gallery",
    "emptyMessage": "No artwork available yet. Login to the admin panel to add your first piece!"
  },
  "about": {
    "title": "About the Artist"
  },
  "footer": {
    "text": "All rights reserved. | Celebrating Australian culture through authentic artwork"
  }
}
